–ó–∞–¥–∞—á–∞,–°–ø—Ä–∏–Ω—Ç,–ü—Ä–∏–æ—Ä–∏—Ç–µ—Ç,–°—Ç–∞—Ç—É—Å,–û—Ü–µ–Ω–∫–∞,–ö–æ–º–º–µ–Ω—Ç–∞—Ä–∏–π
–°–æ–∑–¥–∞—Ç—å –∫–ª–∞—Å—Å Hero,Sprint 1,üî• –í—ã—Å–æ–∫–∏–π,‚úÖ –ì–æ—Ç–æ–≤–æ,1 —á,
–†–µ–∞–ª–∏–∑–æ–≤–∞—Ç—å –º–µ—Ç–æ–¥ attack(),Sprint 1,üî• –í—ã—Å–æ–∫–∏–π,‚úÖ –ì–æ—Ç–æ–≤–æ,1 —á,
–†–µ–∞–ª–∏–∑–æ–≤–∞—Ç—å –º–µ—Ç–æ–¥ is_alive(),Sprint 1,üî• –í—ã—Å–æ–∫–∏–π,‚úÖ –ì–æ—Ç–æ–≤–æ,0.5 —á,
–°–æ–∑–¥–∞—Ç—å –∫–ª–∞—Å—Å Game,Sprint 1,üî• –í—ã—Å–æ–∫–∏–π,‚úÖ –ì–æ—Ç–æ–≤–æ,1 —á,
–ß–µ—Ä–µ–¥–æ–≤–∞–Ω–∏–µ —Ö–æ–¥–æ–≤,Sprint 1,üî• –í—ã—Å–æ–∫–∏–π,‚úÖ –ì–æ—Ç–æ–≤–æ,0.5 —á,
–í—ã–≤–æ–¥ —Å–æ—Å—Ç–æ—è–Ω–∏—è –≤ –∫–æ–Ω—Å–æ–ª—å,Sprint 1,üî• –í—ã—Å–æ–∫–∏–π,‚úÖ –ì–æ—Ç–æ–≤–æ,0.5 —á,
–°–æ—Ö—Ä–∞–Ω–µ–Ω–∏–µ —Ä–µ–∑—É–ª—å—Ç–∞—Ç–æ–≤ –≤ —Ñ–∞–π–ª,Sprint 2,‚≠ê –°—Ä–µ–¥–Ω–∏–π,üîß –í –ø—Ä–æ—Ü–µ—Å—Å–µ,1 —á,results.txt
–†–∞–∑–¥–µ–ª–∏—Ç—å –ø—Ä–æ–µ–∫—Ç –ø–æ –º–æ–¥—É–ª—è–º,Sprint 2,‚≠ê –°—Ä–µ–¥–Ω–∏–π,üîß –í –ø—Ä–æ—Ü–µ—Å—Å–µ,1 —á,"main, game, hero"
–î–æ–±–∞–≤–∏—Ç—å —Å–ª—É—á–∞–π–Ω—ã–π —É—Ä–æ–Ω,Sprint 3,‚úÖ –ù–∏–∑–∫–∏–π,üß† –ü–ª–∞–Ω–∏—Ä—É–µ—Ç—Å—è,1 —á,"randint(15, 25)"
–í—ã–±–æ—Ä —É—Ä–æ–≤–Ω—è —Å–ª–æ–∂–Ω–æ—Å—Ç–∏,Sprint 3,‚úÖ –ù–∏–∑–∫–∏–π,üß† –ü–ª–∞–Ω–∏—Ä—É–µ—Ç—Å—è,1 —á,AI —É—Ä–æ–Ω –≤—ã—à–µ
–î–æ–±–∞–≤–∏—Ç—å –ª–æ–≥ –±–æ—ë–≤,Sprint 3,‚≠ê –°—Ä–µ–¥–Ω–∏–π,üß† –ü–ª–∞–Ω–∏—Ä—É–µ—Ç—Å—è,1.5 —á,log.txt
